-- phpMyAdmin SQL Dump
-- version 4.8.5
-- https://www.phpmyadmin.net/
--
-- Host: 127.0.0.1
-- Generation Time: Oct 26, 2019 at 12:05 PM
-- Server version: 10.1.39-MariaDB
-- PHP Version: 7.3.5

SET SQL_MODE = "NO_AUTO_VALUE_ON_ZERO";
SET AUTOCOMMIT = 0;
START TRANSACTION;
SET time_zone = "+00:00";


/*!40101 SET @OLD_CHARACTER_SET_CLIENT=@@CHARACTER_SET_CLIENT */;
/*!40101 SET @OLD_CHARACTER_SET_RESULTS=@@CHARACTER_SET_RESULTS */;
/*!40101 SET @OLD_COLLATION_CONNECTION=@@COLLATION_CONNECTION */;
/*!40101 SET NAMES utf8mb4 */;

--
-- Database: `interior`
--

-- --------------------------------------------------------

--
-- Table structure for table `alternative`
--

CREATE TABLE `alternative` (
  `id` int(11) NOT NULL,
  `name` varchar(200) NOT NULL
) ENGINE=InnoDB DEFAULT CHARSET=latin1;

-- --------------------------------------------------------

--
-- Table structure for table `ci_sessions`
--

CREATE TABLE `ci_sessions` (
  `session_id` varchar(40) NOT NULL DEFAULT '0',
  `ip_address` varchar(45) NOT NULL DEFAULT '0',
  `user_agent` varchar(120) NOT NULL,
  `last_activity` int(10) UNSIGNED NOT NULL DEFAULT '0',
  `user_data` text NOT NULL
) ENGINE=InnoDB DEFAULT CHARSET=utf8;

-- --------------------------------------------------------

--
-- Table structure for table `criteria`
--

CREATE TABLE `criteria` (
  `id` int(11) NOT NULL,
  `name` varchar(200) NOT NULL
) ENGINE=InnoDB DEFAULT CHARSET=latin1;

-- --------------------------------------------------------

--
-- Table structure for table `sub_criteria`
--

CREATE TABLE `sub_criteria` (
  `id` int(11) NOT NULL,
  `name` varchar(200) NOT NULL,
  `criteria_id` int(11) NOT NULL
) ENGINE=InnoDB DEFAULT CHARSET=latin1;

-- --------------------------------------------------------

--
-- Table structure for table `tbl_last_login`
--

CREATE TABLE `tbl_last_login` (
  `id` bigint(20) NOT NULL,
  `userId` bigint(20) NOT NULL,
  `sessionData` varchar(2048) NOT NULL,
  `machineIp` varchar(1024) NOT NULL,
  `userAgent` varchar(128) NOT NULL,
  `agentString` varchar(1024) NOT NULL,
  `platform` varchar(128) NOT NULL,
  `createdDtm` datetime NOT NULL DEFAULT CURRENT_TIMESTAMP
) ENGINE=InnoDB DEFAULT CHARSET=utf8;

--
-- Dumping data for table `tbl_last_login`
--

INSERT INTO `tbl_last_login` (`id`, `userId`, `sessionData`, `machineIp`, `userAgent`, `agentString`, `platform`, `createdDtm`) VALUES
(5, 9, '{\"role\":\"2\",\"roleText\":\"Admin\",\"name\":\"Admin\"}', '::1', 'Chrome 78.0.3904.70', 'Mozilla/5.0 (Windows NT 10.0; Win64; x64) AppleWebKit/537.36 (KHTML, like Gecko) Chrome/78.0.3904.70 Safari/537.36', 'Windows 10', '2019-10-26 01:33:34'),
(6, 9, '{\"role\":\"2\",\"roleText\":\"Admin\",\"name\":\"Admin\"}', '::1', 'Chrome 78.0.3904.70', 'Mozilla/5.0 (Windows NT 10.0; Win64; x64) AppleWebKit/537.36 (KHTML, like Gecko) Chrome/78.0.3904.70 Safari/537.36', 'Windows 10', '2019-10-26 01:55:18'),
(7, 1, '{\"role\":\"1\",\"roleText\":\"System Administrator\",\"name\":\"System Administrator\"}', '::1', 'Chrome 78.0.3904.70', 'Mozilla/5.0 (Windows NT 10.0; Win64; x64) AppleWebKit/537.36 (KHTML, like Gecko) Chrome/78.0.3904.70 Safari/537.36', 'Windows 10', '2019-10-26 02:03:03'),
(8, 9, '{\"role\":\"2\",\"roleText\":\"Admin\",\"name\":\"Admin\"}', '::1', 'Chrome 78.0.3904.70', 'Mozilla/5.0 (Windows NT 10.0; Win64; x64) AppleWebKit/537.36 (KHTML, like Gecko) Chrome/78.0.3904.70 Safari/537.36', 'Windows 10', '2019-10-26 02:06:57'),
(9, 1, '{\"role\":\"1\",\"roleText\":\"System Administrator\",\"name\":\"System Administrator\"}', '::1', 'Chrome 78.0.3904.70', 'Mozilla/5.0 (Windows NT 10.0; Win64; x64) AppleWebKit/537.36 (KHTML, like Gecko) Chrome/78.0.3904.70 Safari/537.36', 'Windows 10', '2019-10-26 02:07:22'),
(10, 9, '{\"role\":\"2\",\"roleText\":\"Admin\",\"name\":\"Admin\"}', '::1', 'Chrome 78.0.3904.70', 'Mozilla/5.0 (Windows NT 10.0; Win64; x64) AppleWebKit/537.36 (KHTML, like Gecko) Chrome/78.0.3904.70 Safari/537.36', 'Windows 10', '2019-10-26 04:03:15'),
(11, 9, '{\"role\":\"2\",\"roleText\":\"Admin\",\"name\":\"Admin\"}', '::1', 'Chrome 78.0.3904.70', 'Mozilla/5.0 (Windows NT 10.0; Win64; x64) AppleWebKit/537.36 (KHTML, like Gecko) Chrome/78.0.3904.70 Safari/537.36', 'Windows 10', '2019-10-26 04:10:03'),
(12, 9, '{\"role\":\"2\",\"roleText\":\"Admin\",\"name\":\"Admin\"}', '::1', 'Chrome 78.0.3904.70', 'Mozilla/5.0 (Windows NT 10.0; Win64; x64) AppleWebKit/537.36 (KHTML, like Gecko) Chrome/78.0.3904.70 Safari/537.36', 'Windows 10', '2019-10-26 04:10:40'),
(13, 1, '{\"role\":\"1\",\"roleText\":\"System Administrator\",\"name\":\"System Administrator\"}', '::1', 'Chrome 78.0.3904.70', 'Mozilla/5.0 (Windows NT 10.0; Win64; x64) AppleWebKit/537.36 (KHTML, like Gecko) Chrome/78.0.3904.70 Safari/537.36', 'Windows 10', '2019-10-26 04:28:32'),
(14, 9, '{\"role\":\"2\",\"roleText\":\"Admin\",\"name\":\"Admin\"}', '::1', 'Chrome 78.0.3904.70', 'Mozilla/5.0 (Windows NT 10.0; Win64; x64) AppleWebKit/537.36 (KHTML, like Gecko) Chrome/78.0.3904.70 Safari/537.36', 'Windows 10', '2019-10-26 15:25:20');

-- --------------------------------------------------------

--
-- Table structure for table `tbl_reset_password`
--

CREATE TABLE `tbl_reset_password` (
  `id` bigint(20) NOT NULL,
  `email` varchar(128) NOT NULL,
  `activation_id` varchar(32) NOT NULL,
  `agent` varchar(512) NOT NULL,
  `client_ip` varchar(32) NOT NULL,
  `isDeleted` tinyint(4) NOT NULL DEFAULT '0',
  `createdBy` bigint(20) NOT NULL DEFAULT '1',
  `createdDtm` datetime NOT NULL,
  `updatedBy` bigint(20) DEFAULT NULL,
  `updatedDtm` datetime DEFAULT NULL
) ENGINE=InnoDB DEFAULT CHARSET=latin1;

-- --------------------------------------------------------

--
-- Table structure for table `tbl_roles`
--

CREATE TABLE `tbl_roles` (
  `roleId` tinyint(4) NOT NULL COMMENT 'role id',
  `role` varchar(50) NOT NULL COMMENT 'role text'
) ENGINE=MyISAM DEFAULT CHARSET=utf8;

--
-- Dumping data for table `tbl_roles`
--

INSERT INTO `tbl_roles` (`roleId`, `role`) VALUES
(1, 'System Administrator'),
(2, 'Admin');

-- --------------------------------------------------------

--
-- Table structure for table `tbl_users`
--

CREATE TABLE `tbl_users` (
  `userId` int(11) NOT NULL,
  `email` varchar(128) NOT NULL COMMENT 'login email',
  `password` varchar(128) NOT NULL COMMENT 'hashed login password',
  `name` varchar(128) DEFAULT NULL COMMENT 'full name of user',
  `mobile` varchar(20) DEFAULT NULL,
  `roleId` tinyint(4) NOT NULL,
  `isDeleted` tinyint(4) NOT NULL DEFAULT '0',
  `createdBy` int(11) NOT NULL,
  `createdDtm` datetime NOT NULL,
  `updatedBy` int(11) DEFAULT NULL,
  `updatedDtm` datetime DEFAULT NULL
) ENGINE=MyISAM DEFAULT CHARSET=utf8;

--
-- Dumping data for table `tbl_users`
--

INSERT INTO `tbl_users` (`userId`, `email`, `password`, `name`, `mobile`, `roleId`, `isDeleted`, `createdBy`, `createdDtm`, `updatedBy`, `updatedDtm`) VALUES
(1, 'admin@admin.com', '$2y$10$9J.abdnu/IhXNrAwbEOrdOdtDzAUexDMNv9avCmbVEPDkQ4p5RtSe', 'System Administrator', '089656217609', 1, 0, 0, '2015-07-01 18:56:49', 1, '2019-10-25 21:05:51'),
(9, 'ersaazis24m@gmail.com', '$2y$10$sJhCRntYYPx7bF3M5RaQg.7IoP76ROo37P5lDNHcpk3UUj1ojzQcm', 'Admin', '089656217609', 2, 0, 1, '2019-10-25 19:48:21', NULL, NULL);

--
-- Indexes for dumped tables
--

--
-- Indexes for table `alternative`
--
ALTER TABLE `alternative`
  ADD PRIMARY KEY (`id`);

--
-- Indexes for table `ci_sessions`
--
ALTER TABLE `ci_sessions`
  ADD PRIMARY KEY (`session_id`),
  ADD KEY `last_activity_idx` (`last_activity`);

--
-- Indexes for table `criteria`
--
ALTER TABLE `criteria`
  ADD PRIMARY KEY (`id`);

--
-- Indexes for table `sub_criteria`
--
ALTER TABLE `sub_criteria`
  ADD PRIMARY KEY (`id`),
  ADD KEY `criteria_id` (`criteria_id`);

--
-- Indexes for table `tbl_last_login`
--
ALTER TABLE `tbl_last_login`
  ADD PRIMARY KEY (`id`);

--
-- Indexes for table `tbl_reset_password`
--
ALTER TABLE `tbl_reset_password`
  ADD PRIMARY KEY (`id`);

--
-- Indexes for table `tbl_roles`
--
ALTER TABLE `tbl_roles`
  ADD PRIMARY KEY (`roleId`);

--
-- Indexes for table `tbl_users`
--
ALTER TABLE `tbl_users`
  ADD PRIMARY KEY (`userId`);

--
-- AUTO_INCREMENT for dumped tables
--

--
-- AUTO_INCREMENT for table `alternative`
--
ALTER TABLE `alternative`
  MODIFY `id` int(11) NOT NULL AUTO_INCREMENT;

--
-- AUTO_INCREMENT for table `criteria`
--
ALTER TABLE `criteria`
  MODIFY `id` int(11) NOT NULL AUTO_INCREMENT, AUTO_INCREMENT=13;

--
-- AUTO_INCREMENT for table `sub_criteria`
--
ALTER TABLE `sub_criteria`
  MODIFY `id` int(11) NOT NULL AUTO_INCREMENT;

--
-- AUTO_INCREMENT for table `tbl_last_login`
--
ALTER TABLE `tbl_last_login`
  MODIFY `id` bigint(20) NOT NULL AUTO_INCREMENT, AUTO_INCREMENT=15;

--
-- AUTO_INCREMENT for table `tbl_reset_password`
--
ALTER TABLE `tbl_reset_password`
  MODIFY `id` bigint(20) NOT NULL AUTO_INCREMENT;

--
-- AUTO_INCREMENT for table `tbl_roles`
--
ALTER TABLE `tbl_roles`
  MODIFY `roleId` tinyint(4) NOT NULL AUTO_INCREMENT COMMENT 'role id', AUTO_INCREMENT=4;

--
-- AUTO_INCREMENT for table `tbl_users`
--
ALTER TABLE `tbl_users`
  MODIFY `userId` int(11) NOT NULL AUTO_INCREMENT, AUTO_INCREMENT=10;

--
-- Constraints for dumped tables
--

--
-- Constraints for table `sub_criteria`
--
ALTER TABLE `sub_criteria`
  ADD CONSTRAINT `sub_criteria_ibfk_1` FOREIGN KEY (`criteria_id`) REFERENCES `criteria` (`id`);
COMMIT;

/*!40101 SET CHARACTER_SET_CLIENT=@OLD_CHARACTER_SET_CLIENT */;
/*!40101 SET CHARACTER_SET_RESULTS=@OLD_CHARACTER_SET_RESULTS */;
/*!40101 SET COLLATION_CONNECTION=@OLD_COLLATION_CONNECTION */;
